00,1
000,2
02,1
0356,1
0401,1
0405,1
0801,1
0855,1
10,5
100,3
11,2
12,1
125,1
13,1
130,1
1301,3
1320,1
14,1
160k,1
17,1
172,1
18,1
20,5
2019,1
21,1
2d,1
30,1
33,1
35,1
3d,2
3h16,1
3h18,1
40,1
401,1
50,2
59,1
64003101,1
700,1
708,1
75,2
800,1
81885,2
81886,2
82088,2
aata,1
abilities,1
ability,27
able,7
abm1st,1
absence,1
academic,1
academics,1
acas,1
accepted,1
access,5
accessible,2
accessioning,3
accomplish,4
accomplished,1
accordance,1
according,3
account,2
accounting,1
accreditation,1
accredited,1
accrediting,1
accuracy,5
accurate,5
accurately,1
achieve,1
achievements,1
acquired,1
acquisition,6
act,2
action,1
actionable,2
actively,4
activities,11
activity,1
actuarial,3
actuaries,1
actuary,2
ad,3
add,4
additional,2
additionally,1
adept,1
adequate,1
adherence,2
adherents,1
adhering,1
admin,1
administering,1
administration,3
administrative,3
administrator,1
advance,5
advanced,19
advancing,2
adversary,1
advertising,1
advise,2
advisement,1
advising,1
advisors,2
advisory,1
advocates,1
afraid,1
agencies,2
agency,4
agenda,1
agent,1
aggregate,1
agile,1
agreements,2
agricultural,2
agriculture,1
agricultures,2
ai,4
aicure,1
aiding,1
aids,1
air,2
algorithm,4
algorithms,14
alike,1
allow,2
alongside,2
als,1
alteryx,1
alto,2
amazing,2
amazon,1
amounts,1
analyses,12
analysis,126
analysisexperience,1
analyst,20
analystics,1
analysts,10
analytic,17
analytical,23
analytics,52
analyze,51
analyzes,7
analyzing,21
anderson,1
android,1
aneurysms,1
angeles,1
anne,1
announcement,1
annual,1
anomalies,1
anomaly,2
anonymity,1
anonymize,1
answer,3
aot,1
apache,1
api,1
applicable,1
applicants,1
application,4
applications,8
applied,2
applies,2
apply,9
applying,10
appointments,3
approach,1
approaches,4
appropriate,6
appropriately,1
approved,1
apps,3
architect,3
architects,4
architecture,7
architectures,1
area,4
areas,5
arizona,2
array,2
ars,2
art,2
articles,1
artifacts,1
artificial,1
aspects,4
assess,3
assessment,4
asset,2
assets,1
assignments,2
assist,13
assistance,6
assistant,2
assistants,1
assisting,4
assists,9
assit,1
associate,6
associated,2
associates,1
association,2
associations,1
assume,1
assurance,6
astronomy,1
astrophysics,1
atlanta,1
atlas,1
attention,2
attribution,2
audience,1
audits,1
author,1
authority,2
automate,1
automated,5
automation,3
autonomous,2
availability,1
available,7
avian,1
award,1
awardees,1
awareness,3
away,1
axio,2
backend,1
background,6
backgrounds,2
backing,2
bacteriology,1
badupct,1
balance,1
balances,1
bam,1
bank,1
banking,1
banks,4
banksight,1
bar,1
base,1
based,17
baseline,1
basepair,2
basic,5
basis,1
bay,1
baylor,1
bcdptc,1
beam,1
beginner,2
behavior,1
behavioral,3
bench,1
benefits,2
besp,1
best,7
better,1
bhiv,1
bi,1
big,21
bike,1
bioanalytical,1
bioavailability,1
biobanking,1
biochemical,2
biochemistry,1
bioinformatician,1
bioinformatics,1
biological,4
biologists,1
biology,5
biomedical,2
biostatisticians,2
biotech,1
biz2credit,4
blast,1
blend,1
blood,5
bmps,1
body,2
boms,2
bootstrapping,1
boren,1
box,1
brain,1
brainstorm,1
branch,1
brand,4
bring,3
bringing,3
broad,3
broader,1
broadly,1
budgeting,1
budgets,1
build,35
building,24
buildings,1
builds,1
built,1
bulk,1
burden,1
bureau,6
business,39
businesses,1
buys,1
ca,2
california,2
cambridge,1
cameras,1
campaign,1
campaigns,3
cancer,3
candidate,14
candidates,6
capabilities,4
capable,3
capacity,3
capitalize,1
capture,1
card,1
cardiovascular,2
care,4
career,4
careerencore,1
carry,1
carrying,1
case,2
cases,1
casings,1
casualty,6
catalog,1
catalogs,3
cause,2
cell,1
cellular,2
centene,1
center,6
central,1
centric,2
cep,1
certification,2
certifying,3
cfa,1
cfr,1
chain,1
challenges,3
challenging,4
chance,1
chandra,1
change,3
changes,1
changing,1
channels,2
characterize,1
characterizing,1
charge,2
charged,4
charting,1
charts,1
check,1
checking,1
checks,1
chemical,2
chemicals,1
chemist,2
chemistry,2
chemists,1
chief,12
child,1
chip,1
chromatograph,1
chromatography,1
chronic,2
churn,2
cia,3
cir,1
citizenship,1
city,37
claims,3
class,2
classification,4
clean,2
cleaning,12
cleansing,1
cleanup,1
clear,6
clearance,2
client,21
clients,8
climate,1
clinical,33
clinicians,1
clip,2
close,2
closed,1
closely,20
cloud,2
cls,1
clustering,1
coastal,1
code,3
coding,1
cognitive,1
coherent,1
collaborate,8
collaborating,2
collaboration,3
collaborative,2
collaboratively,4
collaborators,2
colleagues,2
collect,15
collected,13
collecting,4
collection,31
collectors,1
collects,1
college,1
colors,2
com,3
combine,1
combining,2
come,5
comfortable,3
comments,1
commerce,2
commercial,1
commercialization,2
commission,1
commit,2
committed,1
common,3
communicate,10
communicating,1
communication,9
communications,4
community,6
companies,2
company,28
compare,1
compares,2
compass,2
compendial,1
competitive,1
compile,6
compiling,1
completed,5
completeness,2
complex,36
compliance,2
complying,1
components,2
compounding,2
comprehensive,3
computational,2
computer,21
computers,2
computing,1
concepts,7
concise,4
conclusions,1
condition,1
conduct,18
conducting,6
conductor,2
conducts,2
conferences,1
confidentiality,1
confirmation,2
conformal,1
conjunction,4
connect,2
connectors,2
conservation,1
consider,2
considerable,1
considered,1
consists,2
consolidate,1
consolidation,1
construction,2
consultant,3
consultants,2
consultation,2
consulting,7
consumer,5
consumers,1
consumption,1
contact,2
containers,1
content,5
contexts,1
contextual,1
continually,1
continues,1
contract,4
contracting,1
contractors,2
contribute,1
contributes,1
contributing,3
contributions,2
contributor,2
control,15
controls,1
conversion,1
conveying,1
coordinate,6
coordinates,1
coordination,3
coordinator,8
copywriters,1
core,9
corporate,1
correctness,1
correlates,1
correlations,2
correspondence,1
cost,3
costs,2
council,1
county,1
coursework,1
covera,1
crackerjack,1
crc,1
create,11
created,1
creates,1
creating,4
creation,5
creative,5
creatives,2
creativity,1
credentials,1
credit,5
crime,1
criminal,2
critical,3
critically,1
crop,1
crops,2
cross,3
crystalline,1
crystallization,1
cs,1
cspcc,2
ctap,1
cultivating,1
culture,4
curate,1
curating,2
curious,2
current,6
currently,12
custom,1
customer,3
customers,2
customized,1
cutting,5
cytometric,2
cytometry,3
d3js,2
daily,2
dashboard,3
dashboards,2
data,1129
database,10
databases,9
dataset,1
datasets,6
date,1
dax,2
day,10
dc,1
deadlines,1
debt,2
decision,9
decisions,5
decomposition,1
dedicated,2
dedoose,1
deep,12
deeply,1
define,1
defined,1
degree,1
delegations,1
deliver,7
delivery,2
demand,3
demands,1
demonstrate,3
demonstrated,3
demonstrates,1
density,1
deparment,1
department,13
departmental,1
depending,3
deploy,2
deployed,1
deploying,1
depth,4
deputy,1
derive,1
derived,2
description,3
design,31
designers,6
designing,5
designs,1
desire,1
detailed,6
details,2
detection,5
determine,7
develop,36
developed,2
developer,7
developers,15
developing,20
development,38
develops,7
devops,2
devoted,1
dfch,1
diabetes,1
diagnose,1
diagnostic,4
dictionaries,2
diego,1
different,1
differentially,1
differentiating,1
difficulty,1
digital,1
diit,1
dimensional,1
direct,5
directed,2
directives,1
directly,7
director,10
directors,1
directs,1
disciplinary,1
disciplines,1
disclosure,1
discovery,5
discuss,1
disease,5
diseases,1
disparate,3
dispatch,1
displaced,1
disrupting,1
disruptive,1
disseminates,1
dissemination,2
distribution,4
diverse,7
diversigen,1
division,7
dna,2
docs,1
doctoral,1
doctors,4
document,5
documentation,5
documented,1
documenting,3
documents,2
dod,2
doer,1
doers,1
dohmh,1
doing,1
domains,1
donation,1
dot,2
dr,3
draft,1
drafts,1
draw,2
drawings,1
drive,9
driven,7
driver,1
driving,1
drug,6
dsdp,2
duties,13
dynamic,1
early,4
earn,2
earthdefine,2
easy,1
ecommerce,9
economic,2
economists,1
ecosystem,2
edge,5
editing,1
education,3
educational,1
educators,1
effective,3
effectively,3
effectiveness,6
efficacy,1
efficient,2
effort,1
efforts,2
electrical,1
electron,1
electronic,5
electronics,1
elegant,1
eligibility,1
eligible,2
elite,2
email,2
emerging,1
employ,1
employed,1
employees,2
employer,1
empowers,1
emr,1
ems,1
enablement,1
enabling,1
encompassing,1
encourages,4
end,5
energy,1
engage,1
engaged,4
engagement,2
engaging,1
engineer,15
engineering,22
engineers,36
engines,2
english,1
enhance,7
enhancement,1
enhancing,2
enjoys,1
enrichment,2
ensure,17
ensures,2
ensuring,2
enterprise,2
enters,2
entire,1
entomologist,1
entry,14
environment,14
environmental,21
environments,1
envisions,1
epidemiologic,1
epidemiologists,2
epidemiology,1
epigenetic,1
equal,2
equally,1
equations,1
equipment,2
equity,3
equivalent,1
esearch,1
especially,1
essential,2
establish,2
established,3
establishing,1
establishment,1
estimates,2
etl,5
evaluate,7
evaluates,4
evaluating,3
evaluation,9
evaluations,5
evaluator,1
event,1
events,1
evidence,2
evolving,2
example,2
excel,3
excellence,1
excellent,3
exceptional,1
exceptionally,2
exchange,1
exciting,7
excretion,1
execute,4
executes,1
executing,2
execution,3
exhibit,1
existing,11
expanding,3
expansive,1
expect,2
expected,2
expedited,1
expereince,1
experience,128
experienced,9
experiment,4
experimental,10
experiments,10
expert,4
expertise,10
experts,5
explain,2
exploit,1
exploratory,5
exposed,1
exposure,2
expression,1
extensive,2
external,4
extract,2
extracted,1
extracting,4
extraction,2
extremely,3
eye,1
ezra,1
ezrapenland,1
face,1
facets,1
facial,1
facilitate,6
facilitates,1
facilities,4
facility,3
faculty,5
failure,1
falls,1
familiarity,8
family,1
fashion,1
fast,7
fastidiosa,1
fastq,1
faucets,1
fcas,1
fda,1
feature,1
features,5
federal,2
feedback,1
feeds,1
fellow,1
fellows,1
fermentation,1
ffor,1
field,6
fields,3
fieldsincluding,1
figure,1
figures,1
files,3
filings,1
finalized,1
finance,2
financial,7
finding,4
findings,3
fintech,4
firearm,1
firearms,1
firm,3
firms,1
fish,2
fit,1
flat,1
flavor,2
flexibility,1
floor,2
florida,4
flow,14
flowcommand,2
flowjo,1
fluid,2
fluidigm,1
focus,2
focused,4
folk,1
follow,1
following,5
foot,1
forecast,1
forecasting,1
forensic,2
form,2
formats,1
forms,5
formulate,2
formulation,2
formulations,3
forward,3
foster,1
frames,1
frameworks,1
francisco,5
fresh,2
friability,1
fruit,1
ftp,1
fulcrum,2
fulfillment,2
fulltime,1
fully,3
function,1
functional,6
functionality,3
functionally,1
functions,6
fund,1
funded,8
funders,1
funding,1
fungal,1
fungicide,1
furnish,1
future,3
ga,3
gain,1
gastric,2
gather,2
gathering,1
gauge,1
gc,1
gen,2
gene,1
general,3
generate,3
generated,1
generating,1
generation,9
genetic,4
genetics,1
geneva,1
genome,1
genomic,4
genomics,4
geo,2
geographical,1
geologist,1
geologists,1
geophysics,1
george,1
georgia,1
geospatial,12
germination,1
getting,1
getty,2
gi,1
gis,1
gives,2
global,8
glp,1
goal,3
goals,10
going,2
good,3
goods,1
google,3
got,1
governance,5
government,1
governmental,1
grad,1
grade,1
grads,1
graduate,1
gram,1
grant,2
grants,1
graph,1
great,3
ground,1
grounded,1
group,6
groups,2
grow,6
growing,14
growth,2
gs,3
guidance,5
guidelines,2
hacker,2
hadoop,5
handle,2
hands,3
happy,2
hard,1
harding,1
hardness,1
hardware,1
harness,1
harnham,3
head,1
health,23
healthcare,5
healthtech,2
heavy,1
hedge,1
hefsp,1
help,12
helping,5
hematology,1
hemostasis,1
hgsc,1
hidden,1
high,8
highcharts,1
highest,1
highly,17
hillsborough,1
hire,14
hired,3
hiring,6
hiv,6
hive,1
hoc,3
horticultural,1
hospitalization,1
hplc,2
hr,2
hrp,1
http,1
hub,1
human,4
humble,1
hustle,1
hygiene,2
hypotheses,2
hypothesis,1
ic,2
ictap,1
ideal,7
ideas,6
identification,2
identify,10
identifying,3
identity,1
iheodtechdiv,1
ii,3
iii,2
illustrate,1
imagery,1
immediate,1
immunofluorescence,1
immunohistochemistry,1
immunological,1
immunology,3
impact,3
impacts,2
implement,12
implementation,12
implementations,2
implementing,3
implements,6
improve,4
improved,2
improvement,4
improving,2
include,27
includes,6
including,44
inclusivity,1
incoming,1
incorporate,1
increased,1
increasing,1
incumbent,5
incumbents,1
independent,3
independently,8
index,1
individual,7
individuals,1
inducible,1
industrial,6
industry,10
infectious,1
influence,1
influenza,1
inform,4
informatica,1
informaticists,1
informatics,7
information,12
informational,1
informed,1
infrastructure,4
infrastructures,3
ingest,1
ingestion,4
initial,2
initiative,1
initiatives,6
injury,1
innovate,4
innovation,1
innovative,11
innovators,1
input,1
inquiries,1
inquiry,1
insights,17
inspection,2
inspire,2
institute,4
institutional,3
instruction,1
instrument,3
instrumentation,1
instruments,1
insurance,8
insurer,3
intake,1
integral,3
integrate,3
integrated,1
integrates,2
integrating,3
integration,8
integrations,1
integrity,4
intellectual,1
intelligence,10
intended,1
interact,2
interacting,1
interactions,1
interactive,1
interactively,1
interdisciplinary,5
interested,5
interesting,1
interests,1
intermediates,1
internal,7
internally,1
international,2
internet,1
interns,1
internships,1
interpersonal,2
interpret,23
interpretation,15
interpretations,1
interpretative,1
interpreting,4
interprets,5
intervals,1
interventions,1
intracranial,1
inventory,2
investigation,3
investigations,2
investigator,2
investigators,1
investment,3
investors,4
involve,4
involved,2
involving,7
io,1
ios,1
iot,1
ipo,1
isolate,1
iss,1
issued,1
issues,6
iterative,3
ivd,1
jacksonville,1
java,2
jecsi,2
jesse,1
jet,1
jmp,3
job,5
join,24
jointly,2
js,1
judgements,1
junior,8
just,1
justice,2
keen,1
keeping,3
kept,1
key,11
knowledgable,1
knowledge,22
knows,1
lab,6
laboratories,1
laboratory,40
lake,1
lamps,1
language,1
languages,1
lansdale,1
large,28
largest,1
latest,1
lawyers,2
lay,1
layers,1
lcms,5
lead,29
leader,5
leaders,4
leadership,9
leading,13
leads,5
learn,4
learning,63
leave,1
legacy,1
legislative,1
lending,2
leolabs,1
levee,1
level,49
levels,3
leverage,3
leveraging,2
liaison,1
libraries,1
license,4
lidar,2
life,4
lifestyle,3
ligand,1
like,5
likelihood,1
likely,2
limited,8
lims,1
line,1
linguistic,1
link,1
linkage,2
linkages,1
linked,1
literally,1
literature,2
little,1
live,2
lives,1
ll,8
llc,1
load,1
loan,1
local,4
locate,1
located,3
loevner,1
log,1
logic,1
logical,1
logistic,2
logistics,1
long,1
longitudinal,1
looking,42
los,1
losses,1
lot,1
love,1
low,2
lowering,1
lp,1
luminex,2
machine,44
mail,1
main,2
maintain,22
maintainable,1
maintaining,11
maintains,3
maintenance,5
major,3
make,14
makers,3
makes,1
making,7
mammalian,1
manage,11
management,35
manager,7
managers,16
managing,11
mandate,1
mandatory,1
manipulate,4
manipulation,5
manner,7
manual,1
manufacture,1
manufactures,1
manuscript,1
manuscripts,1
map,2
mapping,1
market,2
marketers,2
marketing,37
marts,1
mass,1
massive,3
master,5
match,1
matches,1
matching,2
material,3
materials,2
mathematical,4
mathematician,1
mathematicians,3
mathematics,3
matrices,1
matrix,1
mayor,3
md,1
means,2
measure,1
measurement,5
measures,2
media,4
mediated,1
medicaid,3
medical,16
medication,1
medicine,2
meet,2
meetings,1
member,3
members,5
mental,4
mention,1
mentor,4
mentoring,3
mentors,1
mentorship,1
merchandisers,1
merchandising,2
merging,1
merits,1
metabolism,1
metadata,4
metagenomics,1
method,3
methodological,1
methodologies,7
methodologist,1
methodology,2
methods,23
meticulous,2
metric,1
microbial,1
microbiologists,1
microbiology,1
microscopy,1
microservices,2
microsoft,2
mid,4
middleware,1
minded,1
mindset,1
miner,2
minimize,1
minimum,1
mining,10
minor,1
mission,7
mit,1
mix,1
mixture,1
ml,2
mls,1
mlt,1
mobile,1
model,14
modeler,2
modelers,1
modeling,17
modelling,2
models,30
moderately,2
modern,3
modes,1
modification,1
modules,1
molecular,1
monitor,6
monitoring,11
monitors,1
monthly,4
months,1
morbidity,1
mortality,1
mos,3
mosquito,2
motivated,9
motivating,1
mountain,1
mouse,2
ms,1
mt,1
multi,6
multidisciplinary,1
multiple,7
murphy,1
museum,1
naloxone,2
nanostring,1
nation,2
national,5
nationally,1
naturalist,1
navsurfwarcen,1
necessary,4
need,8
needed,11
needs,10
negotiates,1
net,1
networks,1
neuroanatomy,1
neurobiological,1
neuroscience,1
new,31
newer,1
newly,1
newsletters,2
ngs,4
ngsi,1
nhp,1
nighttime,1
nih,1
nis,1
nitta,1
nlp,1
non,5
nontechnical,1
normal,1
normalization,1
normative,1
nosql,2
notch,1
notebooks,2
noted,1
notice,2
novel,3
nsa,3
nsf,1
nt,1
number,1
numerical,1
nvivo,1
ny,1
nyc,5
nyccas,1
obesity,1
objective,3
objectives,10
observation,1
observations,3
obsess,1
obsessed,1
obtain,2
occupational,1
ocme,1
octane,1
ocular,1
offer,1
offers,1
office,8
offices,1
ohio,2
omic,1
omics,1
onboard,1
oncology,2
ondieh,1
ongoing,4
online,5
opc,2
open,7
opening,2
operated,1
operating,2
operation,3
operational,3
operationalize,2
operationalizing,1
operations,10
operators,1
opportunities,4
opportunity,12
optimal,1
optimization,5
optimize,3
optimizing,2
oracle,2
orally,3
orange,1
order,3
organization,3
organizations,1
organize,4
organized,5
organizing,3
orientated,2
oriented,1
oti,1
outbreak,1
outcome,1
output,1
outreach,2
outside,1
outstanding,2
overall,1
overdose,1
overseas,1
oversee,2
oversees,4
oversight,2
overview,2
owners,1
owning,2
pa,1
paced,5
package,1
palo,2
pandemic,1
parsing,1
participant,3
participants,2
participate,6
participates,2
participation,1
particle,2
partner,8
partnered,1
partnering,4
partners,8
partnership,1
partnerships,1
parts,4
party,1
pass,1
passion,2
passionate,5
pathogens,1
patient,3
patients,2
pattern,1
patterns,4
pay,2
pcb,1
pcip,2
peer,1
penland,1
people,3
perfect,1
perform,18
performance,10
performing,8
performs,10
permit,1
person,3
personalization,3
personalized,1
personnel,4
persuasive,1
pertaining,1
pesticide,1
pests,1
petabytes,1
ph,1
pharmaceutical,2
pharmacokinetic,1
phd,5
phenograph,1
phil,1
philosophers,1
photo,1
photographs,1
photography,1
physical,12
physicians,4
physicists,3
physics,4
pig,1
pilot,1
pipeline,3
pipelined,2
pipelines,2
plan,4
planners,2
planning,9
plans,7
plasma,2
platform,3
platforms,4
play,3
playing,3
plus,8
point,1
points,1
poison,1
policies,6
policy,11
poor,1
population,2
portal,1
portfolio,2
posed,2
position,31
positions,3
possess,2
post,3
postdoctoral,4
posted,1
potential,1
power,2
powered,1
practical,2
practicality,2
practice,1
practices,4
pre,3
precise,1
precision,1
predict,2
predicting,1
predictive,11
predictors,1
prefer,4
preferably,1
preferences,1
preferred,3
preliminary,1
preparation,9
prepare,10
prepares,6
present,5
presentation,4
presentations,5
presenting,1
presents,1
prevention,7
previous,2
pricing,4
primary,9
principal,14
principles,4
prior,1
priority,2
privacy,1
proactively,1
probabilistic,2
probable,1
problem,2
problems,9
proceduralized,1
procedures,20
process,19
processes,11
processing,19
produce,3
producing,1
product,26
production,20
products,15
professional,12
professionals,7
proficiency,7
profiles,1
profitability,1
program,28
programmatic,1
programmers,2
programming,5
programs,4
progress,3
project,18
projects,21
promote,2
proof,2
proofreading,2
propensity,3
proper,3
property,9
propertycasualtyjobs,1
proposals,3
proposed,1
proprietary,2
protected,1
protein,3
protocol,1
protocols,4
prototype,2
prototypes,1
proven,8
provenance,1
provide,25
provider,2
provides,10
providing,10
psc,1
psychologists,1
psychology,1
public,7
publication,2
publications,2
publicly,1
pull,1
purchasing,1
purpose,3
putting,1
pws,1
python,8
q3,1
qa,3
qad,2
qc,3
qm,1
qualifications,2
qualified,1
qualify,1
qualitative,10
quality,33
quantitative,28
quarterly,1
queries,2
query,2
questions,2
quickly,1
r_,1
range,2
ranging,3
rapid,1
rapidly,4
raster,1
rate,1
rates,1
raw,4
ray,1
rcra,1
rdf,1
reach,1
read,1
reading,2
reads,1
ready,5
real,11
rebels,2
recent,1
recently,1
recipes,2
recoding,2
recognition,1
recognized,3
recommend,2
recommendation,1
recommendations,2
recommender,2
reconcile,1
record,7
recording,3
records,8
recovery,1
recruit,1
recruiter,1
recruiting,4
recruitment,1
redshift,1
reduce,1
reduction,1
refining,1
reflects,2
regard,1
regarding,2
regards,1
regional,1
registry,2
regression,5
regular,1
regularly,1
regulations,2
regulatory,6
related,9
relation,1
relational,2
relationship,1
relationships,2
relay,1
release,1
relevance,1
relevant,3
reliable,3
rely,1
remediation,1
remote,3
renewable,1
report,10
reported,4
reporting,16
reports,20
repository,1
represent,1
represented,1
reproducible,1
requests,3
require,1
required,22
requirement,2
requirements,8
requires,3
research,123
researcher,1
researchers,2
researching,1
resilience,1
resistance,1
resolutions,1
resolve,4
resource,3
resources,1
respond,4
responses,1
responsibilities,10
responsibility,3
responsible,31
rest,1
resulting,4
results,21
resume,1
retail,6
retailer,5
retained,1
retention,1
retrieval,3
returned,2
revenue,2
review,20
reviewed,1
reviewing,3
reviews,5
revops,1
rif,1
right,5
rigorous,3
risk,9
risks,2
rna,3
robust,2
role,26
roles,1
roll,1
room,2
rouse,4
routings,2
rpl,1
rsi,1
rules,1
running,1
ruvivo,2
rwpa,1
saas,2
salary,1
sales,5
salesforce,3
salient,1
sample,3
sampler,1
samples,3
sampling,1
san,6
sas,6
satellite,1
satisfy,1
scala,1
scalability,1
scalable,2
scale,14
scaling,2
scene,1
schedules,2
scheduling,1
schema,2
schematics,1
school,2
sci,1
science,51
sciences,4
scientific,25
scientist,346
scientists,158
score,1
scoring,1
scorpio,1
scrap,2
screening,3
scripts,2
scrum,1
se,1
search,3
searching,1
seasonal,1
secondary,1
secretions,2
section,1
security,3
seed,1
seeking,42
seeks,5
segmentation,3
segmentations,1
select,1
selected,2
selectee,1
selection,1
selenium,1
self,2
sem,4
send,1
senior,69
sensors,3
sentiment,1
seo,1
separation,2
seq,4
sequencing,7
series,7
serum,2
serve,4
server,2
servers,1
serves,3
service,7
servicenow,1
services,13
ses,1
set,6
sets,18
setting,2
seven,1
shall,1
shape,5
share,1
sharing,2
sharp,1
sheets,3
shelf,1
shies,1
shifted,1
shipments,1
shoppers,1
shopping,1
short,1
signal,4
signals,2
significance,2
significant,1
silicon,1
similar,4
simple,2
simulations,1
site,10
size,1
sized,2
skill,1
skilled,10
skills,31
small,4
social,5
society,1
software,24
soil,1
solid,2
solutions,9
solutionsfor,4
solve,6
solver,1
solving,2
sophisticated,1
sops,1
source,7
sources,18
sourcing,2
south,1
space,3
spark,4
specialist,3
specialists,6
specialized,3
specialty,5
specific,8
specifically,2
specify,1
specimen,1
specimens,5
spill,1
spinal,2
splunk,2
spss,1
sql,9
sr,3
stability,2
stable,1
stack,4
staff,14
stains,1
stakeholder,1
stakeholders,3
standard,4
standardization,2
standardized,1
start,2
starter,1
starting,1
startup,5
stata,1
state,8
states,2
statewide,1
statistical,41
statistician,1
statisticians,3
statistics,10
status,2
steward,1
stewards,1
stewardship,2
stimulating,1
storage,2
store,2
storing,1
storytellers,2
strains,1
strategic,6
strategies,9
strategists,1
strategy,11
stream,1
streaming,2
streamline,2
streams,2
stress,1
strict,1
strives,1
strong,21
structural,1
structure,1
structured,3
structures,4
student,1
students,1
studies,8
study,4
sub,2
submissions,2
submitted,1
subordinate,1
subsidiary,1
substantial,1
substantive,1
substituted,23
successful,6
successfully,1
sufficient,1
suggestions,3
suite,1
summaries,1
summarize,6
summarizing,1
summary,5
supervise,6
supervises,1
supervising,1
supervision,1
supervisor,2
supervisory,2
supplies,1
supply,1
support,33
supported,5
supporting,4
supports,5
supreme,3
sure,2
surplus,1
surveillance,6
surveys,2
sustainability,3
swps,1
synchronization,1
synthesize,1
synthesizing,1
synthetic,1
systematic,2
systematically,1
systemic,1
systems,23
tableau,2
tables,2
tackle,1
tackling,2
tactics,1
talent,1
talented,2
talking,1
tapped,1
targeted,1
targeting,3
tasked,2
tasks,7
taxonomies,1
teach,3
teacher,1
team,113
teams,7
tech,2
technical,36
technician,1
technicians,3
techniques,18
technologies,8
technologist,4
technologists,1
technology,10
telecommunications,1
terabytes,2
term,2
terminology,1
terms,3
terrestrial,2
test,13
testing,12
testings,1
tests,4
text,2
thenavy,1
think,1
thinker,1
thinkers,4
thinking,1
thorough,1
threading,1
thrive,2
throughput,1
ti,1
tier,1
time,18
timely,2
title,2
tobacco,1
today,2
tomography,1
tool,2
toolkit,1
toolkits,1
tools,20
topics,1
tours,1
track,1
tracking,2
traditional,1
train,6
trained,1
trainer,1
training,9
transcriber,1
transfer,1
transferring,1
transfers,1
transform,3
transformation,3
transformer,1
translate,1
translating,2
translational,1
transmit,1
transplant,1
transportation,1
treatment,1
trees,1
trend,1
trends,6
trials,2
trillion,2
troubleshoot,3
troubleshooting,3
truly,2
ts,2
tumor,1
tune,2
turn,1
twine,2
types,1
typical,1
ua,2
ui,1
uk,1
ultrasonic,1
umc,1
underlying,2
understand,7
understanding,15
underwriting,1
unexpected,1
unicorn,1
unification,1
unique,5
unit,4
united,2
units,1
universe,1
university,3
unstructured,2
update,1
updating,2
urinalysis,1
urine,2
use,16
used,6
user,3
users,4
uses,3
using,31
utilities,1
utility,1
utilization,3
utilize,3
utilizes,1
utilizing,5
ux,1
va,3
valid,4
validate,2
validates,1
validation,2
validations,1
validity,4
valley,1
valuation,2
value,2
values,3
variables,2
variation,1
variety,6
various,16
varying,1
vcf,1
ve,2
vector,1
vendor,1
verification,1
verifies,1
verify,2
versatile,1
versed,2
vetted,2
vibrant,2
video,2
view,1
vineyards,1
viral,2
visibility,1
vision,3
visit,2
visiting,5
visits,3
visne,1
visualization,15
visualizations,3
visualize,2
visualizing,1
vivo,1
volumes,3
vp,1
vue,1
want,2
warehouse,15
warehousing,2
washington,1
ways,1
weather,1
web,3
webinars,1
website,2
wetland,2
wgbs,1
wgs,2
wide,6
willingness,1
winning,1
wise,1
work,58
worked,1
workflow,1
workflows,1
workgenius,1
working,35
works,5
workshops,1
world,6
worlds,2
worldwide,2
wrangle,1
wrangling,4
write,5
writer,1
writes,1
writing,6
written,4
www,2
xml,1
xnat,1
year,3
years,58
yields,2
york,5
yorkers,2
zamudio,1

